{"stats":{"minecraft:mined":{"minecraft:grass":1,"minecraft:oak_log":19,"minecraft:sand":1,"minecraft:oak_leaves":2,"minecraft:crafting_table":2},"minecraft:killed":{"minecraft:skeleton":1,"alexsmobs:lobster":6,"minecraft:zombie":1,"alexsmobs:seagull":1},"minecraft:picked_up":{"minecraft:crafting_table":2,"minecraft:bone":1,"minecraft:sand":1,"minecraft:oak_log":19,"alexsmobs:lobster_tail":4},"minecraft:used":{"minecraft:wooden_axe":33,"minecraft:sand":1,"minecraft:crafting_table":2,"alexsmobs:animal_dictionary":1,"minecraft:wooden_pickaxe":1},"minecraft:crafted":{"minecraft:oak_planks":76,"minecraft:crafting_table":1,"minecraft:stick":8,"minecraft:wooden_pickaxe":1,"minecraft:wooden_axe":1},"minecraft:custom":{"minecraft:time_since_rest":11021,"tombstone:undead_killed":2,"minecraft:play_time":11021,"minecraft:sprint_one_cm":16134,"minecraft:damage_taken":130,"minecraft:walk_one_cm":64474,"minecraft:sneak_time":12,"minecraft:walk_under_water_one_cm":6895,"minecraft:mob_kills":9,"minecraft:jump":121,"minecraft:damage_dealt":702,"minecraft:time_since_death":11021,"minecraft:walk_on_water_one_cm":4547,"minecraft:total_world_time":11021,"minecraft:swim_one_cm":11295,"minecraft:interact_with_crafting_table":1,"minecraft:fall_one_cm":2988,"minecraft:fly_one_cm":10338}},"DataVersion":3465}