{"stats":{"minecraft:mined":{"iceandfire:silver_ore":13,"minecraft:crafting_table":5,"minecraft:grass_block":5,"minecraft:tall_grass":1,"minecraft:cobblestone":2,"minecraft:lapis_ore":4,"minecraft:furnace":3,"minecraft:iron_ore":12,"minecraft:birch_leaves":4,"minecraft:grass":30,"minecraft:oak_log":30,"minecraft:coal_ore":48,"minecraft:sand":1,"minecraft:dirt":21,"minecraft:stone":73,"minecraft:oak_leaves":3},"minecraft:killed":{"alexsmobs:lobster":9,"minecraft:pig":9,"minecraft:spider":1,"alexsmobs:seagull":1,"minecraft:sheep":3,"minecraft:skeleton":3,"iceandfire:ghost":1,"minecraft:zombie":3,"minecraft:chicken":1,"alexsmobs:flying_fish":1},"minecraft:picked_up":{"minecraft:crafting_table":5,"minecraft:feather":1,"minecraft:lilac":1,"minecraft:chicken":1,"minecraft:oak_log":30,"minecraft:dirt":26,"minecraft:lapis_lazuli":25,"minecraft:string":2,"minecraft:bone":4,"minecraft:bow":1,"minecraft:wheat_seeds":2,"minecraft:birch_sapling":1,"minecraft:egg":4,"minecraft:furnace":3,"minecraft:stick":1,"minecraft:raw_iron":12,"minecraft:porkchop":23,"minecraft:sand":1,"tombstone:grave_dust":2,"minecraft:arrow":2,"minecraft:rotten_flesh":3,"minecraft:oak_sapling":1,"minecraft:white_wool":9,"minecraft:mutton":6,"alexsmobs:lobster_tail":5,"minecraft:coal":89,"alexsmobs:flying_fish":1,"iceandfire:raw_silver":13,"minecraft:cobblestone":75},"minecraft:broken":{"minecraft:wooden_pickaxe":1},"minecraft:killed_by":{"minecraft:skeleton":1},"minecraft:used":{"minecraft:stone_sword":74,"minecraft:stone_pickaxe":97,"minecraft:wooden_pickaxe":60,"minecraft:rotten_flesh":2,"minecraft:torch":7,"minecraft:sand":1,"minecraft:crafting_table":5,"iceandfire:armor_silver_metal_helmet":1,"iceandfire:armor_silver_metal_chestplate":1,"minecraft:wooden_axe":45,"minecraft:birch_sapling":1,"alexsmobs:cooked_lobster_tail":2,"minecraft:lilac":1,"minecraft:cobblestone":19,"minecraft:oak_sapling":1,"minecraft:furnace":3,"minecraft:cooked_porkchop":4,"tombstone:gift":2,"alexsmobs:animal_dictionary":1},"minecraft:crafted":{"minecraft:oak_planks":96,"minecraft:cooked_porkchop":9,"iceandfire:silver_ingot":13,"alexsmobs:cooked_lobster_tail":2,"minecraft:crafting_table":1,"minecraft:wooden_pickaxe":1,"minecraft:cooked_chicken":1,"minecraft:furnace":1,"minecraft:stone_axe":1,"minecraft:cooked_mutton":6,"minecraft:air":0,"iceandfire:armor_silver_metal_chestplate":1,"iceandfire:armor_silver_metal_helmet":1,"minecraft:charcoal":6,"minecraft:stick":16,"minecraft:iron_ingot":12,"minecraft:stone_pickaxe":1,"minecraft:wooden_axe":2,"minecraft:stone_sword":1,"minecraft:white_bed":1,"minecraft:torch":12,"minecraft:shears":1},"minecraft:custom":{"minecraft:interact_with_furnace":17,"minecraft:mob_kills":32,"minecraft:interact_with_crafting_table":9,"minecraft:leave_game":1,"minecraft:time_since_death":4358,"minecraft:time_since_rest":3260,"minecraft:sprint_one_cm":85759,"minecraft:damage_taken":661,"minecraft:walk_one_cm":184160,"minecraft:damage_dealt":3668,"minecraft:swim_one_cm":31331,"minecraft:fly_one_cm":75141,"minecraft:crouch_one_cm":1096,"minecraft:play_time":54255,"tombstone:undead_killed":7,"minecraft:deaths":1,"minecraft:sneak_time":390,"minecraft:walk_under_water_one_cm":13530,"minecraft:jump":616,"minecraft:walk_on_water_one_cm":9404,"minecraft:total_world_time":54255,"minecraft:fall_one_cm":9886}},"DataVersion":3465}