{"stats":{"minecraft:mined":{"minecraft:furnace":1,"minecraft:crafting_table":4,"minecraft:grass":5,"minecraft:grass_block":2,"minecraft:oak_log":25,"minecraft:sand":1,"minecraft:dirt":5,"minecraft:cobblestone":2,"minecraft:stone":20,"minecraft:oak_leaves":2},"minecraft:killed":{"minecraft:sheep":3,"minecraft:skeleton":2,"alexsmobs:lobster":9,"minecraft:zombie":2,"minecraft:pig":4,"minecraft:chicken":1,"minecraft:spider":1,"alexsmobs:seagull":1},"minecraft:picked_up":{"minecraft:crafting_table":4,"minecraft:feather":1,"minecraft:chicken":1,"minecraft:porkchop":9,"minecraft:sand":1,"minecraft:oak_log":25,"minecraft:string":2,"minecraft:dirt":7,"minecraft:arrow":2,"minecraft:bone":3,"minecraft:rotten_flesh":2,"minecraft:bow":1,"minecraft:mutton":6,"minecraft:white_wool":3,"minecraft:egg":3,"alexsmobs:lobster_tail":5,"minecraft:cobblestone":22,"minecraft:furnace":1},"minecraft:used":{"minecraft:wooden_axe":44,"minecraft:stone_sword":36,"minecraft:stone_pickaxe":2,"alexsmobs:cooked_lobster_tail":2,"minecraft:wooden_pickaxe":22,"minecraft:rotten_flesh":2,"minecraft:sand":1,"minecraft:cobblestone":2,"minecraft:crafting_table":4,"minecraft:furnace":2,"minecraft:cooked_porkchop":2,"alexsmobs:animal_dictionary":1},"minecraft:crafted":{"minecraft:oak_planks":76,"minecraft:cooked_porkchop":9,"minecraft:charcoal":6,"alexsmobs:cooked_lobster_tail":2,"minecraft:crafting_table":1,"minecraft:stick":12,"minecraft:wooden_pickaxe":1,"minecraft:stone_pickaxe":1,"minecraft:wooden_axe":1,"minecraft:stone_sword":1,"minecraft:furnace":1,"minecraft:white_bed":1,"minecraft:stone_axe":1,"minecraft:air":0},"minecraft:custom":{"minecraft:time_since_rest":23021,"minecraft:interact_with_furnace":14,"minecraft:sprint_one_cm":39247,"minecraft:damage_taken":315,"minecraft:walk_one_cm":90458,"minecraft:mob_kills":23,"minecraft:damage_dealt":2141,"minecraft:swim_one_cm":27179,"minecraft:interact_with_crafting_table":7,"minecraft:fly_one_cm":24772,"minecraft:crouch_one_cm":173,"minecraft:play_time":23021,"tombstone:undead_killed":4,"minecraft:sneak_time":76,"minecraft:walk_under_water_one_cm":12142,"minecraft:jump":234,"minecraft:walk_on_water_one_cm":7449,"minecraft:time_since_death":23021,"minecraft:total_world_time":23021,"minecraft:fall_one_cm":4033}},"DataVersion":3465}