{"stats":{"minecraft:mined":{"iceandfire:silver_ore":13,"minecraft:crafting_table":4,"minecraft:grass_block":5,"minecraft:tall_grass":1,"minecraft:cobblestone":2,"minecraft:lapis_ore":4,"minecraft:furnace":2,"minecraft:iron_ore":12,"minecraft:grass":5,"minecraft:oak_log":25,"minecraft:coal_ore":48,"minecraft:sand":1,"minecraft:dirt":21,"minecraft:stone":73,"minecraft:oak_leaves":2},"minecraft:killed":{"alexsmobs:lobster":9,"minecraft:pig":4,"minecraft:spider":1,"alexsmobs:seagull":1,"minecraft:sheep":3,"minecraft:skeleton":3,"minecraft:zombie":2,"minecraft:chicken":1},"minecraft:picked_up":{"minecraft:crafting_table":4,"minecraft:feather":1,"minecraft:chicken":1,"minecraft:oak_log":25,"minecraft:dirt":26,"minecraft:lapis_lazuli":25,"minecraft:string":2,"minecraft:bone":4,"minecraft:bow":1,"minecraft:furnace":2,"minecraft:egg":3,"minecraft:raw_iron":12,"minecraft:porkchop":9,"minecraft:sand":1,"tombstone:grave_dust":1,"minecraft:arrow":2,"minecraft:rotten_flesh":2,"alexsmobs:lobster_tail":5,"minecraft:mutton":6,"minecraft:coal":48,"minecraft:white_wool":3,"iceandfire:raw_silver":13,"minecraft:cobblestone":75},"minecraft:broken":{"minecraft:wooden_pickaxe":1},"minecraft:used":{"minecraft:stone_sword":40,"minecraft:stone_pickaxe":96,"minecraft:wooden_pickaxe":60,"minecraft:rotten_flesh":2,"minecraft:torch":7,"minecraft:sand":1,"minecraft:crafting_table":4,"minecraft:wooden_axe":44,"alexsmobs:cooked_lobster_tail":2,"minecraft:cobblestone":3,"minecraft:furnace":3,"minecraft:cooked_porkchop":4,"alexsmobs:animal_dictionary":1},"minecraft:crafted":{"minecraft:oak_planks":76,"iceandfire:silver_ingot":1,"minecraft:cooked_porkchop":9,"alexsmobs:cooked_lobster_tail":2,"minecraft:crafting_table":1,"minecraft:wooden_pickaxe":1,"minecraft:cooked_chicken":1,"minecraft:furnace":1,"minecraft:stone_axe":1,"minecraft:cooked_mutton":6,"minecraft:air":0,"minecraft:charcoal":6,"minecraft:stick":12,"minecraft:stone_pickaxe":1,"minecraft:wooden_axe":1,"minecraft:stone_sword":1,"minecraft:white_bed":1,"minecraft:torch":12},"minecraft:custom":{"minecraft:interact_with_furnace":15,"minecraft:mob_kills":24,"minecraft:interact_with_crafting_table":7,"minecraft:time_since_death":35021,"minecraft:time_since_rest":35021,"minecraft:sprint_one_cm":46364,"minecraft:damage_taken":450,"minecraft:walk_one_cm":122861,"minecraft:damage_dealt":2341,"minecraft:swim_one_cm":27179,"minecraft:fly_one_cm":27391,"minecraft:crouch_one_cm":1096,"minecraft:play_time":35021,"tombstone:undead_killed":5,"minecraft:sneak_time":364,"minecraft:walk_under_water_one_cm":12676,"minecraft:jump":324,"minecraft:walk_on_water_one_cm":8260,"minecraft:total_world_time":35021,"minecraft:fall_one_cm":6542}},"DataVersion":3465}