{"stats":{"minecraft:mined":{"minecraft:oak_log":4,"minecraft:rose_bush":1,"minecraft:birch_log":3,"minecraft:lilac":1,"minecraft:birch_leaves":5,"minecraft:oak_leaves":56},"minecraft:killed":{"minecraft:skeleton":1,"minecraft:zombie":5},"minecraft:dropped":{"minecraft:rose_bush":1,"minecraft:birch_sapling":1,"minecraft:oak_sapling":1},"minecraft:picked_up":{"minecraft:birch_log":3,"minecraft:bundle":1,"minecraft:arrow":2,"minecraft:rotten_flesh":4,"minecraft:rose_bush":2,"minecraft:oak_log":4,"minecraft:oak_sapling":2,"minecraft:birch_sapling":1},"minecraft:used":{"minecraft:rose_bush":1,"minecraft:wooden_sword":36,"minecraft:crafting_table":1,"minecraft:oak_sapling":1},"minecraft:crafted":{"minecraft:wooden_sword":1,"minecraft:oak_planks":16,"minecraft:birch_planks":12,"minecraft:crafting_table":1,"minecraft:stick":4},"minecraft:custom":{"minecraft:time_since_rest":5462,"minecraft:crouch_one_cm":352,"minecraft:play_time":5462,"minecraft:sprint_one_cm":12176,"tombstone:undead_killed":6,"minecraft:damage_taken":160,"minecraft:walk_one_cm":21303,"minecraft:sneak_time":291,"minecraft:mob_kills":6,"minecraft:drop":3,"minecraft:jump":121,"minecraft:damage_dealt":1219,"minecraft:time_since_death":5462,"minecraft:walk_on_water_one_cm":119,"minecraft:total_world_time":5462,"minecraft:damage_dealt_absorbed":80,"minecraft:interact_with_crafting_table":1,"minecraft:fall_one_cm":2624,"minecraft:fly_one_cm":16746}},"DataVersion":3465}